date, T15_E_100, T12_E_50, T7_E_100, T4_E_50, T14_D_100, T9_D_100, T5_D_50, T2_D_50
07/01/2024,28.87035,27.76375,24.6673,26.327175,27.367825,27.93635,30.987125,26.484575
08/01/2024,30.99615,29.79476667,26.85223333,28.41572083,29.5037375,30.2262625,33.4429,28.59848333
09/01/2024,33.83542917,32.79479583,29.71519583,31.4140625,32.38530417,33.34303333,36.78810417,31.59342083
10/01/2024,36.69505833,35.75759583,32.4375625,34.42754583,35.2059625,36.35663333,40.09630417,34.5934
11/01/2024,39.75111667,38.79509583,35.62919583,37.646175,38.082725,39.33827083,43.43141667,37.57171667
12/01/2024,42.85936667,42.1267,38.889725,41.10127917,43.41600417,42.56830417,47.01173333,40.76454167
13/01/2024,45.69105,45.12079583,41.6621,44.21214167,47.51344167,45.6741125,50.13454167,43.79925
14/01/2024,48.47826667,48.0349375,44.43760417,47.42917917,49.35644583,48.5781,53.34126667,46.74727917
15/01/2024,50.91831667,50.7778625,47.6914125,50.2736,51.26857083,51.38532917,56.44985417,49.47661667
16/01/2024,53.48164583,53.59162917,51.30034583,53.25656667,54.13473333,54.18054167,59.5178125,52.26154583
17/01/2024,56.22172917,56.50262083,54.15732083,56.39769167,56.43660417,57.06779583,62.82950833,55.1421375
18/01/2024,59.137775,59.6065125,57.15445833,59.69111667,58.94985833,60.21910833,66.31289167,58.16979583
19/01/2024,61.9102,62.61244167,60.13342917,62.81549583,61.63434583,63.27747917,69.50632917,61.14365
20/01/2024,64.68682917,65.627675,63.13172917,65.92718333,64.52262917,66.2453125,72.64339167,64.1030375
21/01/2024,67.528925,68.7286125,66.11431667,69.12797083,66.08723333,69.25994583,75.66792917,67.077125
22/01/2024,70.16711667,71.6697625,68.88610833,72.08264167,67.46977917,72.18926667,78.49605417,70.00466667
23/01/2024,72.9755,74.65063333,71.0990125,75.37482917,70.05500417,75.15486667,81.37149167,72.94165833
24/01/2024,75.00597778,76.79732222,71.66702222,77.66367778,71.91516667,77.41097778,83.2497,75.17746667
28/01/2024,86.489925,89.434125,80.449325,90.9113,83.494975,90.08895,95.9164,88.0483375
29/01/2024,88.36435833,91.46086667,81.79399167,92.87542917,85.34567083,92.17829583,98.01766667,90.20194583
30/01/2024,91.526675,94.54535417,83.7989875,96.166375,88.271125,95.14435417,101.1901458,93.313525
31/01/2024,93.98588333,97.1912,85.40902083,98.87510833,90.761925,97.7903,103.877725,96.097925
01/02/2024,96.41042381,99.7470619,86.95965238,101.3273333,93.19376667,100.3022286,106.640781,98.72962857
04/02/2024,103.885975,108.053525,91.723475,109.0687375,100.84535,108.4037625,115.581475,107.307325
05/02/2024,105.9714,109.9937792,93.03284583,111.3661375,102.68685,110.3339083,117.6696,109.1865917
06/02/2024,108.510375,112.4968625,94.55936667,114.3818125,105.1465542,112.8657292,120.500275,111.578075
07/02/2024,110.4594708,114.6661083,95.58057917,116.4479125,107.2478083,115.1602125,122.93725,114.8488375
08/02/2024,112.6909792,116.907875,96.87424167,118.9350958,109.4199958,117.2937208,125.3789083,117.5356875
09/02/2024,115.4532292,118.5142167,98.29208333,121.7917708,111.8507875,119.1335083,128.1049375,119.998175
10/02/2024,117.5669667,116.7716875,99.36709167,123.9663583,113.9831708,121.3064458,130.3437542,122.2252125
11/02/2024,82.79014583,77.48042917,62.32915,71.96628333,81.2062625,83.33850833,82.11884167,75.96962917
12/02/2024,10.244475,11.904425,10.97376667,10.660725,13.271625,9.557483333,11.09560417,10.90777917
13/02/2024,12.57416667,14.01240833,12.949825,12.84658333,15.28652083,11.6114,13.27129583,13.01410833
14/02/2024,14.91091667,16.08687917,14.9176625,15.16299583,17.38300417,13.44895833,15.4016,15.20530833
15/02/2024,16.80779167,18.403425,16.69440833,17.52862917,19.4778625,15.55395833,17.31370833,17.49817917
16/02/2024,18.81988333,20.89777083,18.21074583,19.89435417,21.55091667,18.07706667,18.25811667,19.765775
17/02/2024,19.7705125,23.09033333,19.67915,22.07341667,23.90590833,20.26969167,19.55562917,21.83650417
18/02/2024,21.31367083,25.19013333,21.33732917,24.09031667,25.8229875,22.3898,20.84832917,23.87033333
19/02/2024,24.18028333,27.31231667,23.2293375,26.20230417,27.90622917,24.54238333,22.1565375,25.87744167
20/02/2024,26.5974125,29.38605833,25.2132625,28.2793875,29.8615375,26.63801667,23.42637083,27.99849167
21/02/2024,28.59232083,31.36739583,27.2250875,30.2810625,31.64660417,28.654925,24.538,30.0492375
22/02/2024,30.72012083,33.42066667,29.3292375,32.46464167,33.55769583,30.80978333,25.82155417,32.16513333
23/02/2024,32.8502,35.40859583,31.9060375,34.5727125,35.43905833,32.96020417,27.0735,34.29015417
24/02/2024,35.45077083,37.95839583,34.594575,36.961775,37.650425,35.543825,28.47104167,36.736725
25/02/2024,29.4763375,40.10077917,26.00254583,27.9027625,32.3240875,29.28007917,23.13278333,38.77250417
26/02/2024,13.10760833,20.16540833,14.88601667,12.19049583,15.83699167,14.35639167,9.643841667,40.60955417
27/02/2024,15.2105125,22.16661667,16.78923333,14.09205417,17.87045417,16.44911667,11.71638333,42.70328333
28/02/2024,17.01931667,23.887425,18.46942917,15.60812917,19.52864583,18.37466667,13.70456667,44.69479167
29/02/2024,18.74342083,25.2544375,19.87877083,16.98535833,20.877075,19.890625,15.5792625,46.1987
01/03/2024,20.76234167,27.57635417,21.98402917,19.087175,22.59485417,22.10923333,17.91454167,48.14867917
02/03/2024,22.52630417,29.17640833,23.71926667,20.82569583,24.4198,23.802175,19.79012083,49.84592083
03/03/2024,24.48977917,31.09391667,25.59132917,21.67420417,26.186925,25.770675,21.81294167,51.681325
04/03/2024,26.77065,33.69121667,27.8924875,23.82816667,27.96694583,28.14123333,24.08705,54.03492083
05/03/2024,28.73025417,35.81498333,29.84534583,25.66590833,29.30386667,30.31236667,26.058475,56.0268375
06/03/2024,30.64756667,37.5495875,31.45130417,27.4766,31.15012083,32.61377917,28.0112875,57.7006375
07/03/2024,33.24944167,39.58112083,33.166525,29.75872917,33.10221667,35.35605417,30.37970833,59.53725
08/03/2024,35.87635,41.78345,35.11153333,31.8982375,34.89999583,38.03038333,32.11482083,61.35085417
09/03/2024,38.42573333,44.72869583,36.93163333,34.32920833,37.06530833,40.7438625,34.50013333,63.34485833
10/03/2024,28.42745,34.24818333,28.94182917,27.41217917,29.62880833,30.3310375,22.39353333,46.44300417
11/03/2024,11.995225,14.180005,11.29267,11.66018,14.636885,10.642905,11.04291,10.328185
12/03/2024,14.4641875,16.9007375,13.58855625,14.43119375,16.9388125,12.786525,13.5834875,12.5936
13/03/2024,16.24776667,18.55748333,15.21391667,16.32732917,18.5710125,14.4304875,15.35097917,14.27315417
14/03/2024,18.48623333,20.74680833,17.3187,18.67233333,20.55727083,16.54880417,17.53866667,16.36776667
15/03/2024,20.72986667,22.61312917,19.26964167,20.89737917,22.48792083,18.54374167,19.59449583,18.26285417
16/03/2024,23.07900833,24.8895625,21.3835375,23.04516667,24.46145417,20.30736667,21.74733333,20.23290417
17/03/2024,25.46427083,26.96175,23.55055417,25.21554583,26.57594583,21.9904875,23.81451667,22.21890417
18/03/2024,28.26122083,29.28153333,25.24935417,27.99389167,29.01925,24.0666125,24.49639583,23.71295833
19/03/2024,31.27821667,31.9652,26.56077083,30.6115625,31.75537917,26.65044167,25.7604125,25.69274583
20/03/2024,33.7063625,34.16660833,28.17502083,32.65222083,33.87727083,28.9161375,26.9026,27.2393125
21/03/2024,35.64940417,35.78649583,29.59512083,34.3143625,35.71033333,30.78297917,27.89288333,28.66616667
22/03/2024,37.91270833,37.92285,31.27985417,36.3627875,38.01253333,32.74685,28.8619,30.09372083
23/03/2024,39.8807125,39.74534583,33.04789583,38.1632,39.70982917,34.731575,29.73300833,31.4589875
24/03/2024,42.29192083,41.53727083,35.065125,39.9095,42.06009583,37.07868333,30.80112083,33.03972083
25/03/2024,44.98590833,42.88435417,37.31405417,40.64911667,44.3226,39.61186667,31.7996,34.60504583
26/03/2024,47.47200833,45.20969167,39.36182917,42.36867083,46.2875375,41.7815125,32.66455,36.03687917
27/03/2024,49.30021667,46.84675417,41.08362083,43.7672,47.9567375,43.506625,33.27140417,37.04637083
28/03/2024,51.32055,48.8129125,43.03623333,45.3002125,49.70630417,45.3848,34.1191,38.10050833
29/03/2024,53.70634167,50.6251,45.05486667,47.0311625,51.33578333,46.98379167,34.98713333,39.1614375
30/03/2024,56.207225,52.6809875,46.9499875,48.792625,53.18352083,47.99567917,35.84502083,40.46772917
31/03/2024,58.58625455,54.54930909,48.58528182,50.18932273,55.17690909,50.00290909,36.51137273,41.52664091
01/04/2024,59.692875,56.246125,50.05320625,51.4796,57.46949375,51.84510625,37.0861375,42.159775
07/04/2024,5.225585714,7.9696,8.329271429,7.934814286,7.5983,9.118257143,6.9602,7.302428571
08/04/2024,6.702729167,9.019166667,9.919333333,9.6181375,8.7535,11.26788333,8.355854167,8.6282875
09/04/2024,8.8618125,10.66385417,11.94135833,11.42019583,10.48955417,13.4100625,9.814416667,10.36773333
10/04/2024,11.105475,13.12407917,14.30345833,13.79582083,12.84489167,16.0547375,11.655375,12.42357083
11/04/2024,13.21040833,15.23239583,16.58605,16.06150833,15.41854167,18.4896375,13.4946625,14.45915
12/04/2024,15.65201667,17.42360417,18.8500125,18.29162917,17.7095625,20.90584583,15.394825,16.5708
13/04/2024,18.410075,19.87200417,21.57421667,20.9617,19.768825,23.58777083,17.800925,18.78234167
14/04/2024,21.1258125,22.213825,24.44901667,23.6520625,21.71635417,26.35089167,19.38130417,21.07845
15/04/2024,24.24257917,24.72822083,27.5691625,26.35595833,24.2408875,29.28491667,20.6825,23.8145
16/04/2024,27.5573375,27.30351667,29.75869583,28.92280417,26.86695833,32.29846667,22.83310417,26.66562083
17/04/2024,30.9300125,29.73707917,32.52224167,30.9926,29.4798875,35.14834167,25.02802917,29.61355
18/04/2024,34.0873625,31.82336667,35.07553333,33.241325,31.72354583,37.618725,26.46795,32.23284583
19/04/2024,37.85694583,34.44404167,37.76894583,35.78751667,34.4558875,40.7943375,28.85518333,35.73339167
20/04/2024,41.57261667,37.17835,40.36620417,36.9533125,37.279875,43.85860417,31.083575,39.33571667
21/04/2024,30.296775,29.31535833,27.74684583,29.89913333,29.40504167,33.53875417,21.40669583,24.45916667
22/04/2024,9.548775,10.9565625,9.888879167,13.16637917,12.30342917,10.2696,9.388029167,8.98025
23/04/2024,12.5978625,13.72985833,12.89905,16.09367083,15.25102083,13.3948375,12.14270417,11.4421875
24/04/2024,15.74647083,16.3895,16.02907917,18.90410833,18.14600833,16.44027083,15.02559167,13.998425
25/04/2024,18.8480625,18.7905,19.01560833,21.555775,20.71977917,19.16279583,17.82590833,16.44325
26/04/2024,21.5451125,20.72610417,22.43012917,24.45567083,23.65017917,21.10348333,19.98835,18.75645417
27/04/2024,25.0179375,22.6524125,25.847075,27.50025,26.77603333,24.33774583,23.07375833,21.442575
28/04/2024,28.510025,25.26464583,29.34420833,30.65554583,30.01595833,27.57769167,26.22065833,24.3018625
29/04/2024,32.02783333,28.4948,32.74019167,33.7740375,33.17504167,30.93815417,29.40683333,27.13101667
30/04/2024,35.59802083,31.73842917,36.35437083,36.99735,36.3915875,34.23759583,32.741825,30.11913333
01/05/2024,39.21914167,34.95512917,39.67092083,40.11932083,39.628625,37.921325,35.97714167,33.1395625
02/05/2024,42.7862875,38.05185833,42.897975,43.01472083,42.78797917,41.48677083,39.11958333,36.067075
03/05/2024,46.6325,41.46319167,46.30594167,46.25686667,46.07241667,45.17055417,42.42260417,39.08074583
04/05/2024,50.17196667,44.4866125,49.31239167,48.49005,48.58818333,48.64570833,45.56785833,41.8740625
05/05/2024,35.15977083,30.49480417,36.96519583,36.8095375,36.71140833,33.05654583,35.55065833,36.14962917
06/05/2024,17.23409167,23.02599583,17.81446667,18.22394167,23.37285,17.76372083,19.9244625,16.149475
07/05/2024,20.88894167,26.15800417,20.93124583,21.29673333,26.257825,21.20705417,23.04970833,19.039525
08/05/2024,24.09212083,28.8485125,23.5929625,23.86875833,29.070175,24.1056625,25.70634583,21.52865
09/05/2024,27.43225,31.84202083,26.76382083,26.71983333,32.0518625,27.11918333,28.71659583,24.1799125
10/05/2024,30.55385,34.51705,29.57404167,29.28974167,34.63720833,29.99709583,31.42197083,26.57880417
11/05/2024,33.74441667,37.07464167,32.7511,32.13177083,37.0441875,32.996475,34.21484583,28.97922083
12/05/2024,37.6048875,40.28343333,36.36799167,35.379825,40.04484167,36.54734583,37.20894167,33.922975
13/05/2024,41.24099167,43.42712083,39.772275,38.49646667,43.10225,39.78242917,39.75535417,37.9753125
14/05/2024,44.6234125,46.70970833,43.0091875,41.44233333,46.16656667,42.93135417,42.78244583,40.29175
15/05/2024,48.16669167,49.7318375,46.51862917,44.38831667,49.19545417,46.00762917,45.82656667,43.03975
16/05/2024,51.733475,52.93142083,49.88573333,47.54730833,52.29522917,49.55578333,49.15308333,45.86370833
17/05/2024,55.11310833,55.96760417,52.96078333,50.41759167,55.23324167,52.86772083,52.0352125,48.5816875
18/05/2024,58.56328333,59.15555,56.25005,53.46645833,58.24006667,56.21453333,55.26523333,51.15156667
19/05/2024,44.755275,48.380725,47.76864167,56.48680417,48.64635,45.8813625,58.50563333,53.73697083
20/05/2024,8.57215,12.86214167,11.07677083,59.6425125,28.33687083,11.47952917,62.0608375,56.80793333
21/05/2024,11.49829583,15.71894167,14.11294167,62.65394583,31.94314583,14.7475625,65.35829583,59.6974875
22/05/2024,15.24998333,18.74963333,17.28242917,65.65684583,31.5739125,18.25382083,68.76562917,62.5447375
23/05/2024,18.5791875,21.50016667,20.46955833,68.1073375,34.30617083,21.50187083,71.92528333,65.2727
24/05/2024,21.7724875,24.08572917,23.545975,70.69091667,38.721875,24.51893333,75.00099167,68.14247917
25/05/2024,25.76851667,27.6349375,26.85318333,73.7898875,43.42264583,28.29995833,78.54144167,70.9725
26/05/2024,29.49847083,31.01637083,30.1516625,76.84033333,45.1205625,32.03842917,81.74085,73.85534583
27/05/2024,32.58762083,33.66387083,33.112275,79.3421,47.72635833,35.1226,84.55417083,76.3012125
28/05/2024,36.31700417,37.20027917,36.482825,82.18045417,51.19758333,38.78075,87.679875,79.163375
29/05/2024,40.00945417,40.56787083,40.26496667,84.49577083,54.61600417,42.46812083,91.2237125,82.46689583
30/05/2024,43.56315,43.74589583,43.80173333,87.46076667,58.0073,46.00660833,94.542425,85.26100833
31/05/2024,47.4929625,47.428675,47.733225,90.7567875,61.49685,50.08189167,98.06332917,88.10865417
01/06/2024,51.12462917,50.78790417,51.236325,93.899475,64.6755875,53.796575,101.2333833,90.80282083
02/06/2024,33.12556667,38.31040417,24.71958333,51.592975,43.762675,31.0781625,58.04158333,45.64345
03/06/2024,13.33972917,14.70205417,15.59054167,14.86958333,21.01785833,12.6966375,13.37357917,12.38861667
04/06/2024,16.75165417,17.58090417,19.12265833,17.8483,24.23017083,16.22870833,16.69750417,15.29284167
05/06/2024,20.18075833,20.57001667,24.05642917,20.67662917,27.1703625,19.66457917,19.955675,18.20065833
06/06/2024,23.58136667,23.43921667,28.09510833,23.5119875,30.09215833,23.02117083,23.16672917,21.0393375
07/06/2024,26.8862375,26.67298333,31.28677083,26.54775417,33.07406667,26.3717125,26.58327917,24.13590833
08/06/2024,30.252,29.66467917,34.51897917,29.48527083,35.85103333,29.66637917,30.0742875,26.96842083
09/06/2024,33.54075,32.24252917,37.70955833,32.26114167,38.86389167,32.90940417,33.4781125,29.77984583
10/06/2024,37.11842083,35.29053333,41.258225,35.25160833,42.214475,36.55312917,37.01686667,32.89906667
11/06/2024,40.44375833,38.18429167,44.60720417,38.08785417,45.4652875,39.9817125,40.39636667,35.73701667
12/06/2024,43.73119167,41.0858125,47.88964167,40.56791667,48.761275,43.36052083,43.6279375,38.63340833
13/06/2024,47.47281667,44.35517083,51.48074167,43.424275,52.16621667,47.2714125,47.108925,41.67081667
14/06/2024,51.04929167,47.48130833,55.01334167,46.436975,55.55159583,50.847875,50.46535,44.62252083
15/06/2024,54.4728875,50.27686667,58.50135417,49.1884875,59.04637083,54.40179167,53.8263,47.47047083
16/06/2024,58.06744167,53.29087917,62.0975375,52.05867083,62.97770833,57.85755,57.26681667,50.20017917
17/06/2024,62.0812625,56.4094125,65.86249167,55.68499583,66.39225833,61.868,60.9997,53.323825
18/06/2024,66.03319583,59.7385,69.0053625,58.80250417,70.0649125,65.62866667,64.4828,56.37873333
19/06/2024,70.07881667,63.07167083,72.6565625,61.9258125,73.91411667,69.48134167,67.70078333,59.73905417
20/06/2024,74.09217917,66.42475,76.52951667,65.40242083,77.8598875,73.17142083,71.30447917,63.0818875
21/06/2024,78.26075,69.67764583,80.39170833,68.89737083,81.7051625,77.19949583,75.19039583,66.49389583
22/06/2024,82.35025,73.00885,84.20534167,71.6649375,85.5238625,80.98434583,79.1529625,69.79462083
23/06/2024,66.1243625,59.7194375,68.19853125,58.31554375,70.1331125,66.01278125,64.24076875,56.79229375
24/06/2024,9.558429167,12.72685,12.645625,12.47467083,13.7779375,13.93025833,12.32742083,10.15757917
25/06/2024,12.97575833,15.39779167,16.04436667,15.00681667,18.70683333,17.25792083,15.57382917,12.98760417
26/06/2024,16.713275,18.18074167,19.48234167,17.88623333,26.23743333,20.97859167,19.33509167,16.18180417
27/06/2024,20.74493333,21.43888333,23.19577083,21.17822917,25.14902917,24.86465833,23.06375417,19.44332917
28/06/2024,24.72117917,24.45375,26.5458125,24.03229167,28.730975,28.50584583,26.73029583,22.2415125
29/06/2024,28.38025833,27.17515833,30.00685,26.74352917,32.30540417,32.1581125,30.38259167,25.04586667
30/06/2024,32.37668333,30.00705417,33.49549167,29.28260833,38.87794583,35.5130625,34.03372917,27.99793333
01/07/2024,36.24334167,33.47600833,37.14207917,32.62634583,40.520325,39.36947917,37.72264167,31.3890875
02/07/2024,40.23030833,36.6743125,40.68220417,35.89237083,41.97530833,43.30392917,41.40662083,34.62974583
03/07/2024,43.98600417,39.70899583,44.312675,38.87119583,45.84270833,47.0664125,44.88982083,37.721975
04/07/2024,47.868425,42.92966667,48.1087625,41.89384167,49.76066667,51.15530417,48.26617083,40.92064583
05/07/2024,51.5053875,45.84375833,51.60354583,44.80959167,53.46535417,54.75340417,51.93360833,43.84990833
06/07/2024,55.3905125,48.89437917,55.17555,47.91604583,57.7702875,58.34578333,55.86105833,46.92420417
07/07/2024,31.97293333,30.17066667,34.63207917,31.28277083,39.1427625,37.95282917,34.62697083,30.72088333
08/07/2024,7.8253125,11.11562083,10.9125125,10.3252,16.5063875,12.40873333,10.45045833,10.16103333
09/07/2024,11.39350417,14.05761667,14.41646667,13.25365417,19.357125,16.1005875,13.832525,12.70693333
10/07/2024,15.09529583,16.88269167,18.09459167,16.10578333,21.4764,19.80241667,17.14335,15.45413333
11/07/2024,18.55692083,19.55557083,21.39037083,18.73125833,24.02071667,23.10500417,20.37479167,18.060975
12/07/2024,21.639175,22.28239167,24.7569875,21.39374583,26.24312083,26.67474167,23.8632875,20.70147917
13/07/2024,24.90763333,24.75360417,27.94758333,23.76002083,29.44724167,30.38156667,26.97093333,23.13715417
14/07/2024,28.45847083,27.51567917,31.26650417,26.28347083,35.8111875,34.13039583,29.99535833,25.87724583
15/07/2024,31.9921375,29.9085625,34.559775,28.74745833,42.1001375,37.51840417,33.38175,28.4258625
16/07/2024,35.3219875,32.4818,37.55791667,30.93983333,43.99659583,40.3913375,36.41879583,30.57931667
17/07/2024,38.61758333,34.75335,40.47605833,33.0895125,48.63275833,43.48891667,39.40802083,32.5123375
18/07/2024,41.66205,37.22745833,43.4765,34.9594,51.80065417,46.62471667,42.17489167,34.38560417
19/07/2024,44.692475,39.54015417,46.34615,36.7355125,54.419925,50.34919167,44.89050833,36.02630417
20/07/2024,47.77011667,41.97476667,49.34081667,38.59977083,57.22480833,52.64639583,47.71428333,37.7704
21/07/2024,49.08696667,43.5622,51.23996667,39.63533333,58.26776667,54.2867,49.19526667,38.7416
22/07/2024,9.7604,10.488225,11.26005833,9.039341667,14.36096667,13.01363333,10.34265,9.350766667
23/07/2024,12.60462,13.228175,14.15642,10.88221,17.24781,16.100215,12.73462,11.64185
24/07/2024,15.550875,15.8149375,16.80005,13.0779625,20.4256375,19.1155625,16.1043875,14.124
25/07/2024,19.78899583,19.50632083,21.2784875,15.84520417,27.36837083,23.19114167,20.04797917,17.30424583
26/07/2024,22.58779167,21.7432125,23.84704583,17.72169583,37.35037917,25.967825,22.71135417,19.25854167
27/07/2024,25.95494167,24.66180833,27.1126875,20.130725,39.6175625,29.34014167,25.6638125,21.7827
28/07/2024,28.8657875,26.96164583,28.45279583,22.1344375,37.22377917,32.27632083,27.9958,23.86763333
29/07/2024,32.10364583,29.44123333,31.27934583,24.0944125,39.40707917,35.51079167,30.9137625,26.1999625
30/07/2024,35.29600833,32.0310375,34.21277083,26.08162083,42.9448,38.64565,33.77439583,28.65264167
31/07/2024,38.728525,34.93547083,37.34739167,28.48505,46.59562917,41.84965,36.85822917,31.3945875
01/08/2024,40.8514375,36.6799625,39.2316125,29.92129375,49.16903125,43.8956375,38.94216875,33.12035625
02/08/2024,43.66814167,38.52769583,41.7538125,32.12966667,52.275025,46.65219583,41.52022917,35.137425
03/08/2024,47.18115833,40.89664167,44.64229583,34.71028333,55.32075833,49.8994375,44.55767917,37.67397917
04/08/2024,41.4206125,32.2722375,36.0381875,30.30229583,42.532375,40.74685,38.07949167,33.72634583
05/08/2024,11.46474545,11.66230455,10.56550909,14.19380909,14.87330909,13.28905455,13.05086364,11.11206818
06/08/2024,15.98124375,15.6309,15.0495125,17.79645625,19.7055875,18.13156875,18.4362125,15.1079125
07/08/2024,18.237075,17.0742375,16.860975,18.99875,22.040425,20.1616125,19.176475,16.3176375
08/08/2024,21.39620833,19.66810833,19.83737083,21.42159167,29.09900833,23.17169583,25.8408375,19.2822125
09/08/2024,24.3444875,22.16108333,23.0344625,23.62175,28.3338,26.32645417,28.672325,21.70579583
10/08/2024,27.74618462,24.55907692,25.89329231,25.62146154,31.23012308,29.52097692,30.86770769,23.79666923
21/08/2024,62.39515455,53.94557273,61.12845455,45.00851818,66.63473636,67.07788182,59.96884545,46.77747273
22/08/2024,65.17827083,56.37182917,63.8073125,47.450275,69.81594167,70.25431667,63.00334583,48.95159167
23/08/2024,68.362375,58.79590417,66.8746,49.79813333,73.24547083,73.80740417,64.89935417,51.2605125
24/08/2024,71.29075,61.5533125,70.04331667,52.49289167,77.03202083,77.46023333,67.79895833,53.59475833
25/08/2024,74.78885,64.36935,73.52279167,54.84184167,80.53853333,81.11909583,70.3746,55.96400417
26/08/2024,78.27124583,67.120425,76.94595,57.0867625,83.81789167,84.55584583,73.1156,58.20725833
27/08/2024,81.274075,69.42420833,79.95893333,58.93689583,87.07291667,87.76348333,75.72236667,60.14032083
28/08/2024,84.47820417,72.00545417,83.14106667,60.40101667,90.79329583,91.06071667,79.12620833,62.11223333
29/08/2024,87.36222083,74.58169167,86.0894125,62.47988333,94.154475,93.99027917,82.06450417,64.060725
30/08/2024,90.68827083,77.48989167,89.34609167,64.804375,97.624275,96.87275417,85.18075417,66.37503333
31/08/2024,93.83659167,80.21166667,92.6348875,67.09114167,101.1043458,99.64709583,88.17505,68.66857083
01/09/2024,53.60567917,49.53765,55.33734583,40.29860417,59.22127083,57.55412917,58.43010833,41.13804167
02/09/2024,12.1207375,14.6933375,17.4013625,11.91424167,16.95115417,14.69164167,18.61657917,13.29870833
03/09/2024,15.3909375,17.48292917,20.549825,14.40589583,20.26716667,18.17010417,21.5365625,15.76330833
04/09/2024,18.32220417,20.50047083,23.93796667,17.05958333,23.77212083,21.3619625,24.6996125,18.38482083
05/09/2024,21.78487917,23.48749167,27.16192083,18.244125,27.1399125,24.59946667,27.84569583,21.00460833
06/09/2024,25.28666667,26.4121625,30.464025,21.3025125,30.80082917,28.05219583,31.10885833,23.58737917
07/09/2024,28.81586667,29.45054583,33.7884875,24.601475,34.34025833,31.527275,34.4232,26.2483
08/09/2024,32.32312917,32.43314167,36.996225,27.04914583,37.80696667,34.93809583,37.67155833,28.9041875
09/09/2024,35.7977125,35.35762083,40.25074583,29.53195417,41.267975,38.46680833,40.82112917,31.48343333
10/09/2024,39.51367917,38.5929375,43.62155417,32.42690417,45.02637917,42.15409167,44.17500417,34.19055417
11/09/2024,43.094575,41.60682917,47.03142917,35.1125125,48.67997917,45.90926667,47.58150417,36.78306667
12/09/2024,46.65829583,44.508775,50.2075,37.57623333,52.1420375,49.41367917,50.664475,39.24844167
13/09/2024,50.04835833,47.3419375,53.22700833,40.06047917,55.6169375,52.68367917,53.70600833,41.46193333
14/09/2024,53.54670833,50.25804167,56.386825,42.726125,59.336975,56.58485,56.81842917,44.185125
15/09/2024,40.53614167,39.57674167,32.63814167,46.19555,46.1349,37.46378333,37.8006,31.9062875
16/09/2024,10.32000417,14.91859583,11.222125,11.38797917,15.58037917,11.02409167,13.9741625,8.321120833
17/09/2024,13.26437917,17.79335417,14.34414167,13.8211875,19.15748333,14.05980417,16.76777083,10.77307917
18/09/2024,17.052225,20.54715833,17.60564583,16.29229583,22.667825,17.834125,20.1460375,13.3795625
19/09/2024,20.78352917,23.57094167,21.00355417,18.98787917,26.40067083,21.3302,23.2121625,15.95335417
20/09/2024,24.3299375,26.72984167,24.5279375,21.8132125,30.28912083,24.91212083,26.58259583,18.84800417
21/09/2024,27.95741667,29.42649583,27.588425,24.16957917,33.89302083,28.157125,29.5094375,21.1873875
22/09/2024,31.849175,32.73939583,31.38035833,27.20002083,37.78460417,31.8203625,33.07620417,23.98265417
23/09/2024,35.59168333,35.84045417,34.93503333,29.96954167,41.43213333,35.48674583,36.3938625,26.69475
24/09/2024,39.1646625,38.85830833,38.413225,32.77919167,45.01530833,38.88875,39.52342917,29.43836667
25/09/2024,42.87996667,42.04896667,41.93389167,35.6685375,48.92870417,42.1048125,42.81224583,32.13472917
26/09/2024,46.8365875,45.29642917,45.62477917,38.58406667,52.86858333,45.878625,46.22897917,34.924925
27/09/2024,50.82107917,48.63276667,49.4332875,41.56515,56.98834167,49.39434167,49.70236667,37.87901667
28/09/2024,54.50356667,51.61957083,53.02095833,44.40623333,62.133275,52.95660417,52.9752375,40.4881125
29/09/2024,58.13862083,54.5641125,56.52399583,47.2509625,65.41962917,32.744675,56.12964167,43.13825417
30/09/2024,61.98880417,57.64605417,60.3031625,50.29250417,69.20355,12.23680417,59.49755417,46.05976667
01/10/2024,65.76703333,60.6407375,64.0729375,53.21623333,72.10331667,15.86680417,63.0981125,48.9564625
02/10/2024,69.54900417,63.759375,67.82785417,56.14197083,75.776975,19.3936125,66.18455833,51.8941
03/10/2024,73.32762917,67.12199583,71.57442083,59.11912917,79.58742083,22.84992917,69.34395417,54.94257083
04/10/2024,77.40672083,70.4020875,75.56881667,62.14515417,83.40945833,26.2658,73.02015,58.30355417
05/10/2024,81.17069583,73.4838875,79.40892083,65.2098375,87.09909583,29.85935417,76.7874,61.40872917
06/10/2024,84.98599167,76.94372917,83.29529167,68.37344583,91.0092375,33.59641667,80.32851667,64.35568333
07/10/2024,88.46134583,80.024825,86.80450833,71.402125,94.58775,37.20253333,83.40280833,67.09840417
08/10/2024,92.46511667,83.4410375,90.68637083,74.0869625,98.36494583,41.06248333,86.9054625,70.30945417
09/10/2024,96.12174583,86.75927917,94.49365833,77.05324583,101.9115292,44.87014583,90.40305,73.44330833
10/10/2024,99.95451667,90.0760625,98.35015417,80.42780833,105.6798542,48.58389167,94.149625,76.96179583
11/10/2024,103.93,94.1904625,102.2647292,84.00247917,109.5114042,52.61095,97.99489583,80.4823875
12/10/2024,107.8909875,97.1750375,106.0277125,87.00742917,112.9341583,56.5029375,101.5446917,83.58214583
13/10/2024,111.9363792,100.24745,108.9088083,90.18315417,117.1639833,60.27802083,105.2110583,86.67666667
14/10/2024,115.7221625,103.2019208,112.6488083,93.1339625,121.1225583,63.9979625,108.92895,89.80675
15/10/2024,119.2367208,106.1800625,116.2852458,96.06983333,124.8368,67.33673333,112.2252083,92.84248333
16/10/2024,123.1232292,108.9626667,119.9668583,98.909625,128.6084,70.88975417,115.6003583,95.78032917
17/10/2024,127.12655,111.9154875,123.812875,102.0218875,132.4287417,74.54114167,118.9946792,98.85038333
18/10/2024,130.7550917,114.6204083,127.5109,105.0858333,135.8930125,78.05930833,122.4474292,101.7620917
19/10/2024,134.5163458,117.6071125,131.3721,108.365575,139.6744125,81.62589583,125.6708292,105.0876417
20/10/2024,75.11717917,66.7198125,74.29970417,61.11494167,79.3935,46.38175,69.72047083,57.57990833
21/10/2024,11.22641667,12.97444583,11.74930417,11.46164167,15.49915833,10.74753333,11.63254167,8.772779167
22/10/2024,15.14852083,15.94889583,15.44126667,14.4344375,19.18427083,14.29737917,15.03854167,11.57304583
23/10/2024,18.89715,19.037625,19.06129583,17.13562917,22.65719583,18.0205875,18.40135417,14.48733333
24/10/2024,22.6221875,22.06040417,22.6594125,19.91651667,26.14853333,21.87089583,21.61876667,17.26330417
25/10/2024,26.19614583,25.074275,26.23845,22.88299583,29.548225,25.43807917,25.042125,20.04869583
26/10/2024,29.98732917,28.33915417,29.80118333,26.01245,33.05353333,28.88234167,28.4880875,22.89209167
27/10/2024,33.6289875,31.37841667,33.2956375,29.03985417,36.41599167,32.25833333,31.90807083,25.66057083
28/10/2024,37.45590741,34.85079259,37.00016296,32.47730741,40.02493333,35.88111852,35.56373333,28.8854963
29/10/2024,41.11577083,38.6469375,40.628425,36.223825,43.4965625,39.54885,39.18335,32.54344583
30/10/2024,44.72600417,42.11679167,44.0711625,39.766475,47.013725,43.07622083,42.6464125,35.79680833
